{"position":{"x":-0.3281942307949066,"y":-0.41821616888046267,"z":1.9728883504867554},"rotation":{"x":-0.00847044587135315,"y":0.9913164377212524,"z":0.10253724455833435,"w":0.08189114183187485}}
