{"position":{"x":-0.9525973200798035,"y":-0.5674123764038086,"z":-1.7585670948028565},"rotation":{"x":-0.13355854153633119,"y":0.24333597719669343,"z":0.03385000303387642,"w":0.9601061940193176}}
