{"position":{"x":0.5709429383277893,"y":0.7562447190284729,"z":-1.9167743921279908},"rotation":{"x":0.17788997292518617,"y":-0.14189429581165315,"z":0.025930779054760934,"w":0.9734212160110474}}
