{"position":{"x":1.0058469772338868,"y":-0.5726374983787537,"z":1.7286618947982789},"rotation":{"x":0.03619688004255295,"y":0.956117570400238,"z":0.13418138027191163,"w":-0.25792309641838076}}
