{"position":{"x":1.9457167387008668,"y":0.6695019602775574,"z":-0.46280282735824587},"rotation":{"x":0.1261834353208542,"y":-0.6118506193161011,"z":0.09969016164541245,"w":0.7744536995887756}}
